<?xml version="1.0" encoding="UTF-8" ?>
<!DOCTYPE log4j:configuration SYSTEM "log4j.dtd">

<log4j:configuration xmlns:log4j="http://jakarta.apache.org/log4j/">

	<appender name="ConsoleAppender" class="org.apache.log4j.ConsoleAppender">
		<param name="Encoding" value="UTF-8" />
		<layout class="org.apache.log4j.PatternLayout">
			<param name="ConversionPattern" value="%L %d %-5p [%c] - %m%n" />
		</layout>
	</appender>

	<category name="org">
		<priority value="ERROR" />
	</category>

	<category name="com.mchange">
		<priority value="ERROR" />
	</category>	
	
	<category name="rs.e75">
		<priority value="DEBUG" />
	</category>	

	<root>
		<priority value="DEBUG" />
		<appender-ref ref="ConsoleAppender" />
	</root>

</log4j:configuration>


